
CREATE TABLE IF NOT EXISTS Adm_Persona (
    Id CHAR(36) NOT NULL PRIMARY KEY,
    Nombres VARCHAR(100),
    Apellidos VARCHAR(100),
    DNI VARCHAR(20) NOT NULL UNIQUE,
    Correo VARCHAR(100) NOT NULL UNIQUE,
    RowVersion TIMESTAMP DEFAULT CURRENT_TIMESTAMP ON UPDATE CURRENT_TIMESTAMP,
    ESTADO BIT NOT NULL,
    DISPONIBILIDAD BIT NOT NULL,
    FECHA_CREACION BIGINT NOT NULL,
    FECHA_MODIFICACION BIGINT NOT NULL,
    USER_CREACION TEXT,
    USER_MODIFICACION TEXT
);

CREATE TABLE IF NOT EXISTS Seg_Rol (
    Id CHAR(36) NOT NULL PRIMARY KEY,
    Nombre TEXT,
    Descripcion TEXT,
    RowVersion TIMESTAMP DEFAULT CURRENT_TIMESTAMP ON UPDATE CURRENT_TIMESTAMP,
    ESTADO BIT NOT NULL,
    DISPONIBILIDAD BIT NOT NULL,
    FECHA_CREACION BIGINT NOT NULL,
    FECHA_MODIFICACION BIGINT NOT NULL,
    USER_CREACION TEXT,
    USER_MODIFICACION TEXT
);

CREATE TABLE IF NOT EXISTS Seg_Acceso (
    Id CHAR(36) NOT NULL PRIMARY KEY,
    Orden INT,
    Codigo VARCHAR(4),
    Nombre VARCHAR(100),
    Descripcion TEXT,
    Tipo VARCHAR(100),
    Nivel INT,
    Padre VARCHAR(4),
    RowVersion TIMESTAMP DEFAULT CURRENT_TIMESTAMP ON UPDATE CURRENT_TIMESTAMP,
    ESTADO BIT NOT NULL,
    DISPONIBILIDAD BIT NOT NULL,
    FECHA_CREACION BIGINT NOT NULL,
    FECHA_MODIFICACION BIGINT NOT NULL,
    USER_CREACION TEXT,
    USER_MODIFICACION TEXT,
    UrlAcceso TEXT
);

CREATE TABLE IF NOT EXISTS Seg_Rol_Acceso (
    Id CHAR(36) NOT NULL PRIMARY KEY,
    IdRol CHAR(36) NOT NULL,
    Codigo TEXT,
    Valor TEXT,
    Tipo TEXT,
    IdAccesoUno CHAR(36) NOT NULL,
    IdAccesoDos CHAR(36) NOT NULL,
    RowVersion TIMESTAMP DEFAULT CURRENT_TIMESTAMP ON UPDATE CURRENT_TIMESTAMP,
    ESTADO BIT NOT NULL,
    DISPONIBILIDAD BIT NOT NULL,
    FECHA_CREACION BIGINT NOT NULL,
    FECHA_MODIFICACION BIGINT NOT NULL,
    USER_CREACION TEXT,
    USER_MODIFICACION TEXT,
    FOREIGN KEY (IdRol) REFERENCES Seg_Rol(Id),
    FOREIGN KEY (IdAccesoUno) REFERENCES Seg_Acceso(Id),
    FOREIGN KEY (IdAccesoDos) REFERENCES Seg_Acceso(Id)
);

CREATE TABLE IF NOT EXISTS Seg_Usuario (
    Id CHAR(36) NOT NULL PRIMARY KEY,
    NombreUsuario VARCHAR(255) NOT NULL,
    Contrasena VARCHAR(255) NOT NULL,
    IdPersona CHAR(36) NULL,
    RowVersion TIMESTAMP DEFAULT CURRENT_TIMESTAMP ON UPDATE CURRENT_TIMESTAMP,
    ESTADO BIT NOT NULL,
    DISPONIBILIDAD BIT NOT NULL,
    FECHA_CREACION BIGINT NOT NULL,
    FECHA_MODIFICACION BIGINT NOT NULL,
    USER_CREACION TEXT,
    USER_MODIFICACION TEXT,
    FOREIGN KEY (IdPersona) REFERENCES Adm_Persona(Id)
);

CREATE TABLE IF NOT EXISTS Seg_Usuario_Rol (
    Id CHAR(36) NOT NULL PRIMARY KEY,
    IdUsuario CHAR(36) NOT NULL,
    IdRol CHAR(36) NOT NULL,
    RowVersion TIMESTAMP DEFAULT CURRENT_TIMESTAMP ON UPDATE CURRENT_TIMESTAMP,
    ESTADO BIT NOT NULL,
    DISPONIBILIDAD BIT NOT NULL,
    FECHA_CREACION BIGINT NOT NULL,
    FECHA_MODIFICACION BIGINT NOT NULL,
    USER_CREACION TEXT,
    USER_MODIFICACION TEXT,
    FOREIGN KEY (IdUsuario) REFERENCES Seg_Usuario(Id),
    FOREIGN KEY (IdRol) REFERENCES Seg_Rol(Id)
);


INSERT INTO Seg_Rol (Id, Nombre, Descripcion, ESTADO, DISPONIBILIDAD, FECHA_CREACION, FECHA_MODIFICACION, USER_CREACION, USER_MODIFICACION) VALUES
('11111111-1111-1111-1111-111111111111', 'Administrador', 'Administrador del sistema', 1, 1, 1725375954790, 1725375954790, 'Admin', 'Admin'),
('22222222-2222-2222-2222-222222222222', 'Empleado', 'Empleado de ventas', 1, 1, 1725375954790, 1725375954790, 'Admin', 'Admin');

INSERT INTO Seg_Acceso (Id, Orden, Codigo, Nombre, Descripcion, Tipo, Nivel, Padre, ESTADO, DISPONIBILIDAD, FECHA_CREACION, FECHA_MODIFICACION, USER_CREACION, USER_MODIFICACION, UrlAcceso) VALUES
('00000000-0000-0000-0000-000000000000', 0, 'NULL', 'NULL', 'NULL', 'NULL', 0, 'NULL', 0, 0, 0, 0, 'SYS', 'SYS', ''),
('aaaaaaaa-aaaa-aaaa-aaaa-aaaaaaaaaaaa', 1, 'ADMI', 'Administracion', 'Modulo de Administracion', 'ADMIN', 1, 'TODO', 1, 1, 1725375954790, 1725375954790, 'Admin', 'Admin', ''),
('bbbbbbbb-bbbb-bbbb-bbbb-bbbbbbbbbbbb', 2, 'DASH', 'Dashboard', 'Dashboard Administrativo', 'ADMIN', 2, 'ADMI', 1, 1, 1725375954790, 1725375954790, 'Admin', 'Admin', '/admin/dashboard'),
('cccccccc-cccc-cccc-cccc-cccccccccccc', 3, 'PROD', 'Productos', 'Gestion de Productos', 'ADMIN', 2, 'ADMI', 1, 1, 1725375954790, 1725375954790, 'Admin', 'Admin', '/edit_product/1');

INSERT INTO Seg_Rol_Acceso (Id, IdRol, Codigo, Valor, Tipo, IdAccesoUno, IdAccesoDos, ESTADO, DISPONIBILIDAD, FECHA_CREACION, FECHA_MODIFICACION, USER_CREACION, USER_MODIFICACION) VALUES
(UUID(), '11111111-1111-1111-1111-111111111111', 'ADMITODO', 'S', 'ADMIN', 'aaaaaaaa-aaaa-aaaa-aaaa-aaaaaaaaaaaa', '00000000-0000-0000-0000-000000000000', 1, 1, 1725375954790, 1725375954790, 'Admin', 'Admin'),
(UUID(), '11111111-1111-1111-1111-111111111111', 'ADMIDASH', 'S', 'ADMIN', 'aaaaaaaa-aaaa-aaaa-aaaa-aaaaaaaaaaaa', 'bbbbbbbb-bbbb-bbbb-bbbb-bbbbbbbbbbbb', 1, 1, 1725375954790, 1725375954790, 'Admin', 'Admin'),
(UUID(), '11111111-1111-1111-1111-111111111111', 'ADMIPROD', 'S', 'ADMIN', 'aaaaaaaa-aaaa-aaaa-aaaa-aaaaaaaaaaaa', 'cccccccc-cccc-cccc-cccc-cccccccccccc', 1, 1, 1725375954790, 1725375954790, 'Admin', 'Admin'),
(UUID(), '22222222-2222-2222-2222-222222222222', 'ADMITODO', 'S', 'ADMIN', 'aaaaaaaa-aaaa-aaaa-aaaa-aaaaaaaaaaaa', '00000000-0000-0000-0000-000000000000', 1, 1, 1725375954790, 1725375954790, 'Admin', 'Admin'),
(UUID(), '22222222-2222-2222-2222-222222222222', 'ADMIDASH', 'S', 'ADMIN', 'aaaaaaaa-aaaa-aaaa-aaaa-aaaaaaaaaaaa', 'bbbbbbbb-bbbb-bbbb-bbbb-bbbbbbbbbbbb', 1, 1, 1725375954790, 1725375954790, 'Admin', 'Admin'),
(UUID(), '22222222-2222-2222-2222-222222222222', 'ADMIPROD', 'N', 'ADMIN', 'aaaaaaaa-aaaa-aaaa-aaaa-aaaaaaaaaaaa', 'cccccccc-cccc-cccc-cccc-cccccccccccc', 1, 1, 1725375954790, 1725375954790, 'Admin', 'Admin');

INSERT INTO Seg_Usuario (Id, NombreUsuario, Contrasena, IdPersona, ESTADO, DISPONIBILIDAD, FECHA_CREACION, FECHA_MODIFICACION, USER_CREACION, USER_MODIFICACION) VALUES
('33333333-3333-3333-3333-333333333333', 'admin', 'admin', NULL, 1, 1, 1725375954790, 1725375954790, 'SYS', 'SYS'),
('44444444-4444-4444-4444-444444444444', 'user', '1234', NULL, 1, 1, 1725375954790, 1725375954790, 'SYS', 'SYS');

INSERT INTO Seg_Usuario_Rol (Id, IdUsuario, IdRol, ESTADO, DISPONIBILIDAD, FECHA_CREACION, FECHA_MODIFICACION, USER_CREACION, USER_MODIFICACION) VALUES
(UUID(), '33333333-3333-3333-3333-333333333333', '11111111-1111-1111-1111-111111111111', 1, 1, 1725375954790, 1725375954790, 'SYS', 'SYS'),
(UUID(), '44444444-4444-4444-4444-444444444444', '22222222-2222-2222-2222-222222222222', 1, 1, 1725375954790, 1725375954790, 'SYS', 'SYS');

INSERT INTO Adm_Persona (Id, Nombres, Apellidos, DNI, Correo, ESTADO, DISPONIBILIDAD, FECHA_CREACION, FECHA_MODIFICACION, USER_CREACION, USER_MODIFICACION) VALUES
('P1111111-1111-1111-1111-111111111111', 'Abel', 'D', '77777777', 'abel@mail.com', 1, 1, 0, 0, 'SYS', 'SYS'), -- Dual
('P2222222-2222-2222-2222-222222222222', 'Bruno', 'C', '88888888', 'bruno@mail.com', 1, 1, 0, 0, 'SYS', 'SYS'), -- Client Only
('P3333333-3333-3333-3333-333333333333', 'Carlos', 'E', '99999999', 'carlos@mail.com', 1, 1, 0, 0, 'SYS', 'SYS'); -- Collab Only

INSERT INTO Seg_Usuario (Id, NombreUsuario, Contrasena, IdPersona, ESTADO, DISPONIBILIDAD, FECHA_CREACION, FECHA_MODIFICACION, USER_CREACION, USER_MODIFICACION) VALUES
('U1111111-1111-1111-1111-111111111111', 'abelcliente', '1234', 'P1111111-1111-1111-1111-111111111111', 1, 1, 0, 0, 'SYS', 'SYS'), -- Abel (Client)
('U1111111-C111-1111-1111-111111111111', 'ws_abelAdmin', '1234', 'P1111111-1111-1111-1111-111111111111', 1, 1, 0, 0, 'SYS', 'SYS'), -- Abel (Collab)
('U2222222-2222-2222-2222-222222222222', 'bruno', '1234', 'P2222222-2222-2222-2222-222222222222', 1, 1, 0, 0, 'SYS', 'SYS'), -- Bruno (Client)
('U3333333-C333-3333-3333-333333333333', 'ws_carlos', '1234', 'P3333333-3333-3333-3333-333333333333', 1, 1, 0, 0, 'SYS', 'SYS'); -- Carlos (Collab)
